<?xml version = '1.0' encoding = 'UTF-8'?>
<Table class="oracle.dbtools.crest.model.design.relational.Table" directorySegmentName="seg_0" id="38CF133B-92E4-B4A0-7F7E-524A072FB928" name="Facility">
<createdBy>OwenCheng</createdBy>
<createdTime>2021-09-12 08:48:47 UTC</createdTime>
<generatorID>40BB0707-1AD5-86CE-F1DF-540120380609</generatorID>
<ownerDesignName>ASM1B</ownerDesignName>
<allowColumnReorder>false</allowColumnReorder>
<existDependencyGenerateInDDl>true</existDependencyGenerateInDDl>
<parsed>true</parsed>
<columns itemClass="oracle.dbtools.crest.model.design.relational.Column">
<Column name="facility_rm_no" id="A472F688-D267-F935-85FE-2E403B69644E">
<createdBy>OwenCheng</createdBy>
<createdTime>2021-09-12 08:48:47 UTC</createdTime>
<commentInRDBMS><![CDATA[the room number of the facility in each centre]]></commentInRDBMS>
<generatorID>FA1499F0-40FC-07C4-652E-E2F87A8BB469</generatorID>
<ownerDesignName>ASM1B</ownerDesignName>
<useDomainConstraints>false</useDomainConstraints>
<use>1</use>
<logicalDatatype>LOGDT019</logicalDatatype>
<dataTypePrecision>10</dataTypePrecision>
<ownDataTypeParameters>,10,</ownDataTypeParameters>
<autoIncrementCycle>false</autoIncrementCycle>
</Column>
<Column name="facility_name" id="25BD0192-7B0E-1BBD-A627-5880401F4F54">
<createdBy>OwenCheng</createdBy>
<createdTime>2021-09-12 08:48:47 UTC</createdTime>
<commentInRDBMS><![CDATA[facility name]]></commentInRDBMS>
<generatorID>5ADB381C-B9AE-4121-3189-BBA64AEF1062</generatorID>
<ownerDesignName>ASM1B</ownerDesignName>
<useDomainConstraints>false</useDomainConstraints>
<use>1</use>
<logicalDatatype>LOGDT024</logicalDatatype>
<dataTypeSize>50</dataTypeSize>
<ownDataTypeParameters>50,,</ownDataTypeParameters>
<autoIncrementCycle>false</autoIncrementCycle>
</Column>
<Column name="facility_desc" id="BB091703-A02D-BAE7-F153-15818C1F096A">
<createdBy>OwenCheng</createdBy>
<createdTime>2021-09-12 08:48:47 UTC</createdTime>
<commentInRDBMS><![CDATA[facility description]]></commentInRDBMS>
<generatorID>ED8A7E01-6020-D9A1-78D3-DCB1F7BBEFE7</generatorID>
<ownerDesignName>ASM1B</ownerDesignName>
<useDomainConstraints>false</useDomainConstraints>
<use>1</use>
<logicalDatatype>LOGDT024</logicalDatatype>
<dataTypeSize>50</dataTypeSize>
<ownDataTypeParameters>50,,</ownDataTypeParameters>
<autoIncrementCycle>false</autoIncrementCycle>
</Column>
<Column name="facility_cap" id="4F236425-17C4-BD64-3B22-F72B3124A05E">
<createdBy>OwenCheng</createdBy>
<createdTime>2021-09-12 08:48:47 UTC</createdTime>
<commentInRDBMS><![CDATA[capacity of the facility]]></commentInRDBMS>
<generatorID>F374002E-E165-F3DD-1576-17C0549F14A7</generatorID>
<ownerDesignName>ASM1B</ownerDesignName>
<useDomainConstraints>false</useDomainConstraints>
<use>1</use>
<logicalDatatype>LOGDT019</logicalDatatype>
<dataTypePrecision>7</dataTypePrecision>
<ownDataTypeParameters>,7,</ownDataTypeParameters>
<autoIncrementCycle>false</autoIncrementCycle>
</Column>
<Column name="centre_id" id="CBCFE08C-8E07-DC31-8BAE-65E3C475097A">
<createdBy>OwenCheng</createdBy>
<createdTime>2021-09-12 08:48:47 UTC</createdTime>
<commentInRDBMS><![CDATA[unique id to identify centre]]></commentInRDBMS>
<generatorID>47C51EA9-0C35-3FBB-EC49-741DEF585A4A</generatorID>
<ownerDesignName>ASM1B</ownerDesignName>
<useDomainConstraints>false</useDomainConstraints>
<use>1</use>
<logicalDatatype>LOGDT019</logicalDatatype>
<dataTypePrecision>7</dataTypePrecision>
<ownDataTypeParameters>,,</ownDataTypeParameters>
<previousColumn>false</previousColumn>
<autoIncrementCycle>false</autoIncrementCycle>
<associations>
<colAssociation fkAssociation="A77145DD-DDE5-F8CB-9A8F-7715602F0E0A" referredColumn="BA2002F4-D17E-A653-3D42-1453EEE58F0A"/>
</associations>
</Column>
</columns>
<indexes itemClass="oracle.dbtools.crest.model.design.relational.Index">
<ind_PK_UK id="DEFF3D42-1107-2BC0-F192-01C9CCBBADAA" name="Facility_PK">
<createdBy>OwenCheng</createdBy>
<createdTime>2021-09-12 08:48:47 UTC</createdTime>
<generatorID>95129A65-A5BE-3485-831F-7353A9650035</generatorID>
<ownerDesignName>ASM1B</ownerDesignName>
<pk>true</pk>
<indexState>Primary Constraint</indexState>
<isSurrogateKey>false</isSurrogateKey>
<indexColumnUsage>
<colUsage columnID="A472F688-D267-F935-85FE-2E403B69644E"/>
<colUsage columnID="CBCFE08C-8E07-DC31-8BAE-65E3C475097A"/>
</indexColumnUsage>
</ind_PK_UK>
<ind_PK_UK id="E7A4F4D6-FBE0-422B-DD3F-68FB40FB8E7C" name="crentre_facility">
<createdBy>OwenCheng</createdBy>
<createdTime>2021-09-12 08:48:47 UTC</createdTime>
<generatorID>671EC676-549C-BCBC-93B9-E9A4527A1176</generatorID>
<ownerDesignName>ASM1B</ownerDesignName>
<indexState>Foreign Key</indexState>
<isSurrogateKey>false</isSurrogateKey>
<indexColumnUsage>
<colUsage columnID="CBCFE08C-8E07-DC31-8BAE-65E3C475097A"/>
</indexColumnUsage>
</ind_PK_UK>
</indexes>
</Table>
