<?xml version = '1.0' encoding = 'UTF-8'?>
<Table class="oracle.dbtools.crest.model.design.relational.Table" directorySegmentName="seg_0" id="50ACAD02-1946-A02B-ABCB-B21A9C134B3E" name="Session">
<createdBy>OwenCheng</createdBy>
<createdTime>2021-09-13 13:15:03 UTC</createdTime>
<generatorID>90FFAF1F-494A-5367-07D6-D9F1F0A8BCBA</generatorID>
<ownerDesignName>ASM1B</ownerDesignName>
<allowColumnReorder>false</allowColumnReorder>
<existDependencyGenerateInDDl>true</existDependencyGenerateInDDl>
<parsed>true</parsed>
<columns itemClass="oracle.dbtools.crest.model.design.relational.Column">
<Column name="session_date" id="A3C13DB2-B730-4274-9172-5A2F752E875D">
<createdBy>OwenCheng</createdBy>
<createdTime>2021-09-13 13:15:03 UTC</createdTime>
<commentInRDBMS><![CDATA[Date of each session of class]]></commentInRDBMS>
<generatorID>CD9FD686-D9DB-E430-14B5-F2BFA1FD78B7</generatorID>
<ownerDesignName>ASM1B</ownerDesignName>
<useDomainConstraints>false</useDomainConstraints>
<use>1</use>
<logicalDatatype>LOGDT007</logicalDatatype>
<ownDataTypeParameters>,,</ownDataTypeParameters>
<autoIncrementCycle>false</autoIncrementCycle>
</Column>
<Column name="member_no" id="0BF3C8C7-28EB-376F-BB3D-B9A0D1327808">
<createdBy>OwenCheng</createdBy>
<createdTime>2021-09-13 13:15:03 UTC</createdTime>
<commentInRDBMS><![CDATA[member number]]></commentInRDBMS>
<generatorID>F2DDCA9A-1983-AEF1-CEEF-D207D492D1B3</generatorID>
<ownerDesignName>ASM1B</ownerDesignName>
<useDomainConstraints>false</useDomainConstraints>
<use>1</use>
<logicalDatatype>LOGDT019</logicalDatatype>
<dataTypePrecision>10</dataTypePrecision>
<ownDataTypeParameters>,,</ownDataTypeParameters>
<previousColumn>false</previousColumn>
<autoIncrementCycle>false</autoIncrementCycle>
<associations>
<colAssociation fkAssociation="CE36209D-4D1C-AD6F-1C81-C815657DE33E" referredColumn="E26343B2-F0A7-0902-0CEF-EF4A92646B29"/>
</associations>
</Column>
</columns>
<indexes itemClass="oracle.dbtools.crest.model.design.relational.Index">
<ind_PK_UK id="4D166037-B90F-D589-530F-01E810E4BAC3" name="Session_PK">
<createdBy>OwenCheng</createdBy>
<createdTime>2021-09-13 13:15:03 UTC</createdTime>
<generatorID>57B36F28-DCF3-3405-0E05-34C61E807E3D</generatorID>
<ownerDesignName>ASM1B</ownerDesignName>
<pk>true</pk>
<indexState>Primary Constraint</indexState>
<isSurrogateKey>false</isSurrogateKey>
<indexColumnUsage>
<colUsage columnID="A3C13DB2-B730-4274-9172-5A2F752E875D"/>
<colUsage columnID="0BF3C8C7-28EB-376F-BB3D-B9A0D1327808"/>
</indexColumnUsage>
</ind_PK_UK>
<ind_PK_UK id="13EAF50A-A1A2-9662-3F1F-5977F3B2FD2F" name="member_session">
<createdBy>OwenCheng</createdBy>
<createdTime>2021-09-13 13:15:03 UTC</createdTime>
<generatorID>AF33D4A4-9565-4650-CA43-D087C40450F2</generatorID>
<ownerDesignName>ASM1B</ownerDesignName>
<indexState>Foreign Key</indexState>
<isSurrogateKey>false</isSurrogateKey>
<indexColumnUsage>
<colUsage columnID="0BF3C8C7-28EB-376F-BB3D-B9A0D1327808"/>
</indexColumnUsage>
</ind_PK_UK>
</indexes>
</Table>
