<?xml version = '1.0' encoding = 'UTF-8'?>
<Entity class="oracle.dbtools.crest.model.design.logical.Entity" directorySegmentName="seg_0" id="0DFD3833-EA3C-120A-28B7-F82218FE6CC4" name="Assessment">
<createdBy>OwenCheng</createdBy>
<createdTime>2021-09-12 08:22:31 UTC</createdTime>
<ownerDesignName>ASM1B</ownerDesignName>
<engineerTo>
<item key="602C841F-274D-5D2D-4880-A37309393AC3" value="true"/>
</engineerTo>
<adequatelyNormalized>NO</adequatelyNormalized>
<expectedVolumes>0</expectedVolumes>
<fwdEngineeringStrategyName>Single Table</fwdEngineeringStrategyName>
<growthPercent>0</growthPercent>
<growthType>Year</growthType>
<maxVolumes>9999999</maxVolumes>
<minVolumes>0</minVolumes>
<normalForm>Third</normalForm>
<attributes itemClass="oracle.dbtools.crest.model.design.logical.Attribute">
<Attribute name="date_of_assessment" id="A2E471A9-9C25-D005-0DC1-56119A2819C2">
<createdBy>OwenCheng</createdBy>
<createdTime>2021-09-12 08:34:39 UTC</createdTime>
<commentInRDBMS><![CDATA[date that complete the assessment]]></commentInRDBMS>
<ownerDesignName>ASM1B</ownerDesignName>
<engineerTo>
<item key="602C841F-274D-5D2D-4880-A37309393AC3" value="true"/>
</engineerTo>
<useDomainConstraints>false</useDomainConstraints>
<use>1</use>
<logicalDatatype>LOGDT007</logicalDatatype>
<ownDataTypeParameters>,,</ownDataTypeParameters>
</Attribute>
<Attribute name="weight" id="A634C96C-CC66-9184-C398-34801EE23879">
<createdBy>OwenCheng</createdBy>
<createdTime>2021-09-12 08:22:55 UTC</createdTime>
<commentInRDBMS><![CDATA[weight of member]]></commentInRDBMS>
<ownerDesignName>ASM1B</ownerDesignName>
<engineerTo>
<item key="602C841F-274D-5D2D-4880-A37309393AC3" value="true"/>
</engineerTo>
<useDomainConstraints>false</useDomainConstraints>
<use>1</use>
<logicalDatatype>LOGDT019</logicalDatatype>
<dataTypePrecision>3</dataTypePrecision>
<ownDataTypeParameters>,3,</ownDataTypeParameters>
</Attribute>
<Attribute name="blood_pressure" id="FA2B2193-3B39-75CC-AB83-0892F251B379">
<createdBy>OwenCheng</createdBy>
<createdTime>2021-09-12 08:23:23 UTC</createdTime>
<commentInRDBMS><![CDATA[blood pressure of member]]></commentInRDBMS>
<ownerDesignName>ASM1B</ownerDesignName>
<engineerTo>
<item key="602C841F-274D-5D2D-4880-A37309393AC3" value="true"/>
</engineerTo>
<useDomainConstraints>false</useDomainConstraints>
<use>1</use>
<logicalDatatype>LOGDT019</logicalDatatype>
<dataTypePrecision>3</dataTypePrecision>
<ownDataTypeParameters>,3,</ownDataTypeParameters>
</Attribute>
<Attribute name="VO2Max" id="3BD17665-CDA0-F373-08F4-AC074E0A9E8D">
<createdBy>OwenCheng</createdBy>
<createdTime>2021-09-12 08:23:45 UTC</createdTime>
<commentInRDBMS><![CDATA[Vo2Max of member]]></commentInRDBMS>
<ownerDesignName>ASM1B</ownerDesignName>
<engineerTo>
<item key="602C841F-274D-5D2D-4880-A37309393AC3" value="true"/>
</engineerTo>
<useDomainConstraints>false</useDomainConstraints>
<use>1</use>
<logicalDatatype>LOGDT019</logicalDatatype>
<dataTypePrecision>3</dataTypePrecision>
<ownDataTypeParameters>,3,</ownDataTypeParameters>
</Attribute>
<Attribute name="member_no" id="03386945-C7FA-9242-7B04-BCAD88717992">
<createdBy>OwenCheng</createdBy>
<createdTime>2021-09-12 08:33:09 UTC</createdTime>
<commentInRDBMS><![CDATA[member number]]></commentInRDBMS>
<generatorID>3687EAD3-2FE2-9592-202F-FC8A6DAAEF70</generatorID>
<ownerDesignName>ASM1B</ownerDesignName>
<engineerTo>
<item key="602C841F-274D-5D2D-4880-A37309393AC3" value="true"/>
</engineerTo>
<referedAttribute>A968FE4C-128A-451A-B940-2463AD77AFE6</referedAttribute>
<useDomainConstraints>false</useDomainConstraints>
<use>1</use>
<logicalDatatype>LOGDT019</logicalDatatype>
<dataTypePrecision>10</dataTypePrecision>
<ownDataTypeParameters>,10,</ownDataTypeParameters>
</Attribute>
<Attribute name="staff_id" id="6A4E170B-834E-9A90-3E67-97E80F9A1260">
<createdBy>OwenCheng</createdBy>
<createdTime>2021-09-12 08:33:55 UTC</createdTime>
<commentInRDBMS><![CDATA[unique id of staff]]></commentInRDBMS>
<generatorID>BA141ED4-2337-C515-6EF4-C197C9CF5C03</generatorID>
<ownerDesignName>ASM1B</ownerDesignName>
<engineerTo>
<item key="602C841F-274D-5D2D-4880-A37309393AC3" value="true"/>
</engineerTo>
<referedAttribute>B8FCF926-93A9-9AA0-6E06-D62FADE91894</referedAttribute>
<useDomainConstraints>false</useDomainConstraints>
<use>1</use>
<logicalDatatype>LOGDT019</logicalDatatype>
<dataTypePrecision>10</dataTypePrecision>
<ownDataTypeParameters>,10,</ownDataTypeParameters>
</Attribute>
</attributes>
<identifiers itemClass="oracle.dbtools.crest.model.design.logical.CandidateKey">
<identifier id="65131D86-B079-9BF4-D8F8-8CFBEB4A064D" name="Assessment_PK">
<createdBy>OwenCheng</createdBy>
<createdTime>2021-09-12 08:33:09 UTC</createdTime>
<ownerDesignName>ASM1B</ownerDesignName>
<shouldEngineer>false</shouldEngineer>
<engineerTo>
<item key="602C841F-274D-5D2D-4880-A37309393AC3" value="false"/>
</engineerTo>
<pk>true</pk>
<newElementsIDs>3687EAD3-2FE2-9592-202F-FC8A6DAAEF70,A2E471A9-9C25-D005-0DC1-56119A2819C2,BA141ED4-2337-C515-6EF4-C197C9CF5C03</newElementsIDs>
<usedAttributes>
<attributeRef>03386945-C7FA-9242-7B04-BCAD88717992</attributeRef>
<attributeRef>A2E471A9-9C25-D005-0DC1-56119A2819C2</attributeRef>
<attributeRef>6A4E170B-834E-9A90-3E67-97E80F9A1260</attributeRef>
</usedAttributes>
</identifier>
</identifiers>
</Entity>
