<?xml version = '1.0' encoding = 'UTF-8'?>
<Entity class="oracle.dbtools.crest.model.design.logical.Entity" directorySegmentName="seg_0" id="40BB0707-1AD5-86CE-F1DF-540120380609" name="Facility">
<createdBy>OwenCheng</createdBy>
<createdTime>2021-09-12 06:32:16 UTC</createdTime>
<ownerDesignName>ASM1B</ownerDesignName>
<engineerTo>
<item key="602C841F-274D-5D2D-4880-A37309393AC3" value="true"/>
</engineerTo>
<adequatelyNormalized>NO</adequatelyNormalized>
<expectedVolumes>0</expectedVolumes>
<fwdEngineeringStrategyName>Single Table</fwdEngineeringStrategyName>
<growthPercent>0</growthPercent>
<growthType>Year</growthType>
<maxVolumes>9999999</maxVolumes>
<minVolumes>0</minVolumes>
<normalForm>Third</normalForm>
<attributes itemClass="oracle.dbtools.crest.model.design.logical.Attribute">
<Attribute name="facility_rm_no" id="FA1499F0-40FC-07C4-652E-E2F87A8BB469">
<createdBy>OwenCheng</createdBy>
<createdTime>2021-09-12 06:32:23 UTC</createdTime>
<commentInRDBMS><![CDATA[the room number of the facility in each centre]]></commentInRDBMS>
<ownerDesignName>ASM1B</ownerDesignName>
<engineerTo>
<item key="602C841F-274D-5D2D-4880-A37309393AC3" value="true"/>
</engineerTo>
<useDomainConstraints>false</useDomainConstraints>
<use>1</use>
<logicalDatatype>LOGDT019</logicalDatatype>
<dataTypePrecision>10</dataTypePrecision>
<ownDataTypeParameters>,10,</ownDataTypeParameters>
</Attribute>
<Attribute name="facility_name" id="5ADB381C-B9AE-4121-3189-BBA64AEF1062">
<createdBy>OwenCheng</createdBy>
<createdTime>2021-09-12 06:35:56 UTC</createdTime>
<commentInRDBMS><![CDATA[facility name]]></commentInRDBMS>
<ownerDesignName>ASM1B</ownerDesignName>
<engineerTo>
<item key="602C841F-274D-5D2D-4880-A37309393AC3" value="true"/>
</engineerTo>
<useDomainConstraints>false</useDomainConstraints>
<use>1</use>
<logicalDatatype>LOGDT024</logicalDatatype>
<dataTypeSize>50</dataTypeSize>
<ownDataTypeParameters>50,,</ownDataTypeParameters>
</Attribute>
<Attribute name="facility_desc" id="ED8A7E01-6020-D9A1-78D3-DCB1F7BBEFE7">
<createdBy>OwenCheng</createdBy>
<createdTime>2021-09-12 06:36:20 UTC</createdTime>
<commentInRDBMS><![CDATA[facility description]]></commentInRDBMS>
<ownerDesignName>ASM1B</ownerDesignName>
<engineerTo>
<item key="602C841F-274D-5D2D-4880-A37309393AC3" value="true"/>
</engineerTo>
<useDomainConstraints>false</useDomainConstraints>
<use>1</use>
<logicalDatatype>LOGDT024</logicalDatatype>
<dataTypeSize>50</dataTypeSize>
<ownDataTypeParameters>50,,</ownDataTypeParameters>
</Attribute>
<Attribute name="facility_cap" id="F374002E-E165-F3DD-1576-17C0549F14A7">
<createdBy>OwenCheng</createdBy>
<createdTime>2021-09-12 06:36:56 UTC</createdTime>
<commentInRDBMS><![CDATA[capacity of the facility]]></commentInRDBMS>
<ownerDesignName>ASM1B</ownerDesignName>
<engineerTo>
<item key="602C841F-274D-5D2D-4880-A37309393AC3" value="true"/>
</engineerTo>
<useDomainConstraints>false</useDomainConstraints>
<use>1</use>
<logicalDatatype>LOGDT019</logicalDatatype>
<dataTypePrecision>7</dataTypePrecision>
<ownDataTypeParameters>,7,</ownDataTypeParameters>
</Attribute>
<Attribute name="centre_id" id="47C51EA9-0C35-3FBB-EC49-741DEF585A4A">
<createdBy>OwenCheng</createdBy>
<createdTime>2021-09-12 06:40:34 UTC</createdTime>
<commentInRDBMS><![CDATA[unique id to identify centre]]></commentInRDBMS>
<generatorID>671EC676-549C-BCBC-93B9-E9A4527A1176</generatorID>
<ownerDesignName>ASM1B</ownerDesignName>
<engineerTo>
<item key="602C841F-274D-5D2D-4880-A37309393AC3" value="true"/>
</engineerTo>
<referedAttribute>AF29B251-C1DD-8A40-5344-8FB1A99F8ED4</referedAttribute>
<useDomainConstraints>false</useDomainConstraints>
<use>1</use>
<logicalDatatype>LOGDT019</logicalDatatype>
<dataTypePrecision>7</dataTypePrecision>
<ownDataTypeParameters>,7,</ownDataTypeParameters>
</Attribute>
</attributes>
<identifiers itemClass="oracle.dbtools.crest.model.design.logical.CandidateKey">
<identifier id="95129A65-A5BE-3485-831F-7353A9650035" name="Facility_PK">
<createdBy>OwenCheng</createdBy>
<createdTime>2021-09-12 06:32:46 UTC</createdTime>
<ownerDesignName>ASM1B</ownerDesignName>
<engineerTo>
<item key="602C841F-274D-5D2D-4880-A37309393AC3" value="true"/>
</engineerTo>
<pk>true</pk>
<usedAttributes>
<attributeRef>FA1499F0-40FC-07C4-652E-E2F87A8BB469</attributeRef>
<attributeRef>47C51EA9-0C35-3FBB-EC49-741DEF585A4A</attributeRef>
</usedAttributes>
</identifier>
</identifiers>
</Entity>
