<?xml version = '1.0' encoding = 'UTF-8'?>
<Entity class="oracle.dbtools.crest.model.design.logical.Entity" directorySegmentName="seg_0" id="4EC1D019-468C-89B2-70DF-DB7FCBAA9D96" name="Class_type">
<createdBy>OwenCheng</createdBy>
<createdTime>2021-09-15 02:43:48 UTC</createdTime>
<ownerDesignName>ASM1B</ownerDesignName>
<engineerTo>
<item key="602C841F-274D-5D2D-4880-A37309393AC3" value="true"/>
</engineerTo>
<adequatelyNormalized>NO</adequatelyNormalized>
<expectedVolumes>0</expectedVolumes>
<fwdEngineeringStrategyName>Single Table</fwdEngineeringStrategyName>
<growthPercent>0</growthPercent>
<growthType>Year</growthType>
<maxVolumes>9999999</maxVolumes>
<minVolumes>0</minVolumes>
<normalForm>Third</normalForm>
<attributes itemClass="oracle.dbtools.crest.model.design.logical.Attribute">
<Attribute name="class_type_id" id="335AEF04-E274-1B98-D4A1-70BB51E2C311">
<createdBy>OwenCheng</createdBy>
<createdTime>2021-09-15 02:43:59 UTC</createdTime>
<commentInRDBMS><![CDATA[class type id]]></commentInRDBMS>
<ownerDesignName>ASM1B</ownerDesignName>
<engineerTo>
<item key="602C841F-274D-5D2D-4880-A37309393AC3" value="true"/>
</engineerTo>
<useDomainConstraints>false</useDomainConstraints>
<use>1</use>
<logicalDatatype>LOGDT024</logicalDatatype>
<dataTypeSize>50</dataTypeSize>
<ownDataTypeParameters>50,,</ownDataTypeParameters>
</Attribute>
<Attribute name="class_type_name" id="13ACC319-61FB-9E93-A1A9-2FD511B4A901">
<createdBy>OwenCheng</createdBy>
<createdTime>2021-09-15 02:46:19 UTC</createdTime>
<commentInRDBMS><![CDATA[class type name]]></commentInRDBMS>
<ownerDesignName>ASM1B</ownerDesignName>
<engineerTo>
<item key="602C841F-274D-5D2D-4880-A37309393AC3" value="true"/>
</engineerTo>
<nullsAllowed>true</nullsAllowed>
<useDomainConstraints>false</useDomainConstraints>
<use>1</use>
<logicalDatatype>LOGDT024</logicalDatatype>
<dataTypeSize>50</dataTypeSize>
<ownDataTypeParameters>50,,</ownDataTypeParameters>
</Attribute>
</attributes>
<identifiers itemClass="oracle.dbtools.crest.model.design.logical.CandidateKey">
<identifier id="166A2824-8E3B-C96C-1141-BB77EEC257E3" name="Class_type PK">
<createdBy>OwenCheng</createdBy>
<createdTime>2021-09-15 02:44:55 UTC</createdTime>
<ownerDesignName>ASM1B</ownerDesignName>
<engineerTo>
<item key="602C841F-274D-5D2D-4880-A37309393AC3" value="true"/>
</engineerTo>
<pk>true</pk>
<usedAttributes>
<attributeRef>335AEF04-E274-1B98-D4A1-70BB51E2C311</attributeRef>
</usedAttributes>
</identifier>
</identifiers>
</Entity>
