<?xml version = '1.0' encoding = 'UTF-8'?>
<Entity class="oracle.dbtools.crest.model.design.logical.Entity" directorySegmentName="seg_0" id="6C4E190C-F30E-E386-D064-B863C411B82A" name="Attendance">
<createdBy>OwenCheng</createdBy>
<createdTime>2021-09-12 08:24:38 UTC</createdTime>
<ownerDesignName>ASM1B</ownerDesignName>
<engineerTo>
<item key="602C841F-274D-5D2D-4880-A37309393AC3" value="true"/>
</engineerTo>
<adequatelyNormalized>NO</adequatelyNormalized>
<expectedVolumes>0</expectedVolumes>
<fwdEngineeringStrategyName>Single Table</fwdEngineeringStrategyName>
<growthPercent>0</growthPercent>
<growthType>Year</growthType>
<maxVolumes>9999999</maxVolumes>
<minVolumes>0</minVolumes>
<normalForm>Third</normalForm>
<attributes itemClass="oracle.dbtools.crest.model.design.logical.Attribute">
<Attribute name="class_no" id="66FA87D8-092B-9C04-2191-139A1CF0926D">
<createdBy>OwenCheng</createdBy>
<createdTime>2021-09-12 08:26:20 UTC</createdTime>
<commentInRDBMS><![CDATA[unique class number to identify class]]></commentInRDBMS>
<generatorID>2A627BBC-1B44-0E93-F10A-CF2470738895</generatorID>
<ownerDesignName>ASM1B</ownerDesignName>
<engineerTo>
<item key="602C841F-274D-5D2D-4880-A37309393AC3" value="true"/>
</engineerTo>
<referedAttribute>DA38DD96-6078-D312-876D-133599892CFD</referedAttribute>
<useDomainConstraints>false</useDomainConstraints>
<use>1</use>
<logicalDatatype>LOGDT019</logicalDatatype>
<dataTypePrecision>10</dataTypePrecision>
<ownDataTypeParameters>,10,</ownDataTypeParameters>
</Attribute>
<Attribute name="member_no" id="EEDF7572-2AC9-8E2C-D13E-F19AB299EB69">
<createdBy>OwenCheng</createdBy>
<createdTime>2021-09-12 08:27:59 UTC</createdTime>
<commentInRDBMS><![CDATA[member number]]></commentInRDBMS>
<generatorID>8FEE14F5-C385-01F7-D7BD-4C2E44EE31A2</generatorID>
<ownerDesignName>ASM1B</ownerDesignName>
<engineerTo>
<item key="602C841F-274D-5D2D-4880-A37309393AC3" value="true"/>
</engineerTo>
<referedAttribute>A968FE4C-128A-451A-B940-2463AD77AFE6</referedAttribute>
<useDomainConstraints>false</useDomainConstraints>
<use>1</use>
<logicalDatatype>LOGDT019</logicalDatatype>
<dataTypePrecision>10</dataTypePrecision>
<ownDataTypeParameters>,10,</ownDataTypeParameters>
</Attribute>
<Attribute name="centre_id" id="E7735E53-E422-72B7-7DCF-B9BDD9EAF19F">
<createdBy>OwenCheng</createdBy>
<createdTime>2021-09-14 10:11:28 UTC</createdTime>
<commentInRDBMS><![CDATA[unique id to identify centre]]></commentInRDBMS>
<generatorID>2A627BBC-1B44-0E93-F10A-CF2470738895</generatorID>
<ownerDesignName>ASM1B</ownerDesignName>
<engineerTo>
<item key="602C841F-274D-5D2D-4880-A37309393AC3" value="true"/>
</engineerTo>
<referedAttribute>C02EEF88-18C3-A708-13D6-EDAA981D8347</referedAttribute>
<useDomainConstraints>false</useDomainConstraints>
<use>1</use>
<logicalDatatype>LOGDT019</logicalDatatype>
<dataTypePrecision>7</dataTypePrecision>
<ownDataTypeParameters>,7,</ownDataTypeParameters>
</Attribute>
<Attribute name="payment_date" id="B658D5F3-65B5-5C64-19CC-F2C5F10F142B">
<createdBy>OwenCheng</createdBy>
<createdTime>2021-09-12 08:24:43 UTC</createdTime>
<commentInRDBMS><![CDATA[date of payment]]></commentInRDBMS>
<ownerDesignName>ASM1B</ownerDesignName>
<engineerTo>
<item key="602C841F-274D-5D2D-4880-A37309393AC3" value="true"/>
</engineerTo>
<useDomainConstraints>false</useDomainConstraints>
<use>1</use>
<logicalDatatype>LOGDT007</logicalDatatype>
<ownDataTypeParameters>,,</ownDataTypeParameters>
</Attribute>
<Attribute name="total_attend" id="BC9D4332-12B9-B453-F7CE-84B03354B6CE">
<createdBy>OwenCheng</createdBy>
<createdTime>2021-09-15 09:30:32 UTC</createdTime>
<commentInRDBMS><![CDATA[numbe of session member attend]]></commentInRDBMS>
<ownerDesignName>ASM1B</ownerDesignName>
<engineerTo>
<item key="602C841F-274D-5D2D-4880-A37309393AC3" value="true"/>
</engineerTo>
<useDomainConstraints>false</useDomainConstraints>
<use>1</use>
<logicalDatatype>LOGDT019</logicalDatatype>
<dataTypePrecision>3</dataTypePrecision>
<ownDataTypeParameters>,3,</ownDataTypeParameters>
</Attribute>
</attributes>
<identifiers itemClass="oracle.dbtools.crest.model.design.logical.CandidateKey">
<identifier id="B65B7BD9-73B8-44AC-C2AB-82D5DF72CAAE" name="attendance_PK">
<createdBy>OwenCheng</createdBy>
<createdTime>2021-09-12 08:24:58 UTC</createdTime>
<ownerDesignName>ASM1B</ownerDesignName>
<shouldEngineer>false</shouldEngineer>
<engineerTo>
<item key="602C841F-274D-5D2D-4880-A37309393AC3" value="false"/>
</engineerTo>
<pk>true</pk>
<newElementsIDs>8FEE14F5-C385-01F7-D7BD-4C2E44EE31A2,2A627BBC-1B44-0E93-F10A-CF2470738895</newElementsIDs>
<usedAttributes>
<attributeRef>EEDF7572-2AC9-8E2C-D13E-F19AB299EB69</attributeRef>
<attributeRef>66FA87D8-092B-9C04-2191-139A1CF0926D</attributeRef>
<attributeRef>E7735E53-E422-72B7-7DCF-B9BDD9EAF19F</attributeRef>
</usedAttributes>
</identifier>
</identifiers>
</Entity>
