<?xml version = '1.0' encoding = 'UTF-8'?>
<Diagram class="oracle.dbtools.crest.swingui.relational.DPVRelational" name="Relational_1" id="87DCF117-BDDE-BA2D-E9FD-C1A7A1441252">
<createdBy>OwenCheng</createdBy>
<modifiedBy>OwenCheng</modifiedBy>
<createdTime>2021-09-12 06:42:09 UTC</createdTime>
<autoRoute>false</autoRoute>
<boxInbox>true</boxInbox>
<showLegend>false</showLegend>
<showLabels>false</showLabels>
<showRelAttributes>false</showRelAttributes>
<gridEnabled>false</gridEnabled>
<showGrid>false</showGrid>
<diagramColor>-1</diagramColor>
<display>false</display>
<notation>1</notation>
<objectViews>
<OView class="oracle.dbtools.crest.swingui.relational.TVTable" oid="0772CA63-DD95-868C-A793-FA0F64D001A5" otype="Table" vid="068059F8-19D2-E503-884C-E23E694BA0E8">
<hideElementsInCurrentOnly>false</hideElementsInCurrentOnly>
<bounds x="917" y="230" width="215" height="221"/>
</OView>
<OView class="oracle.dbtools.crest.swingui.relational.TVTable" oid="28EFE698-3914-0DA8-EB12-9376477B960E" otype="Table" vid="10E40B50-423B-C0C8-EF34-5EDEEB3F31EB">
<hideElementsInCurrentOnly>false</hideElementsInCurrentOnly>
<bounds x="353" y="660" width="262" height="190"/>
</OView>
<OView class="oracle.dbtools.crest.swingui.relational.TVTable" oid="38CF133B-92E4-B4A0-7F7E-524A072FB928" otype="Table" vid="430C5FF8-CF28-B1A6-820E-5E8D5B3EC7D8">
<hideElementsInCurrentOnly>false</hideElementsInCurrentOnly>
<bounds x="864" y="529" width="260" height="157"/>
</OView>
<OView class="oracle.dbtools.crest.swingui.relational.TVTable" oid="4421DC5F-223C-E409-03A7-12B905DF80FF" otype="Table" vid="7B580B68-5F54-8094-B1A0-971B8C414E52">
<hideElementsInCurrentOnly>false</hideElementsInCurrentOnly>
<bounds x="342" y="386" width="251" height="149"/>
</OView>
<OView class="oracle.dbtools.crest.swingui.relational.TVTable" oid="50ACAD02-1946-A02B-ABCB-B21A9C134B3E" otype="Table" vid="B92C8B6C-0173-B4BF-6000-B1E39D6558B7">
<hideElementsInCurrentOnly>false</hideElementsInCurrentOnly>
<bounds x="97" y="191" width="219" height="97"/>
</OView>
<OView class="oracle.dbtools.crest.swingui.relational.TVTable" oid="8C8E52E9-8A77-1E9D-B13D-04A1EDDFB148" otype="Table" vid="BDEC5413-FC31-D5DA-ABB6-FDEC3E71E8F0">
<hideElementsInCurrentOnly>false</hideElementsInCurrentOnly>
<bounds x="1338" y="741" width="223" height="86"/>
</OView>
<OView class="oracle.dbtools.crest.swingui.relational.TVTable" oid="93AE07A7-92AD-040E-AEA7-66DDF67E5610" otype="Table" vid="231588AC-D608-D41F-DF4A-B46F401FC9CD">
<hideElementsInCurrentOnly>false</hideElementsInCurrentOnly>
<bounds x="1424" y="119" width="244" height="234"/>
</OView>
<OView class="oracle.dbtools.crest.swingui.relational.TVTable" oid="A788356B-5633-A19D-6155-E0B167DF0892" otype="Table" vid="5F5EC294-A545-F208-18BD-C061B6BEF5B6">
<hideElementsInCurrentOnly>false</hideElementsInCurrentOnly>
<bounds x="72" y="757" width="173" height="73"/>
</OView>
<OView class="oracle.dbtools.crest.swingui.relational.TVTable" oid="C614416D-409D-BB1B-6EC2-1FA96CD4588F" otype="Table" vid="64CD5B42-FA81-1453-7209-4FC99760C26F">
<hideElementsInCurrentOnly>false</hideElementsInCurrentOnly>
<bounds x="18" y="397" width="173" height="105"/>
</OView>
<OView class="oracle.dbtools.crest.swingui.relational.TVTable" oid="DEF61F90-A4EF-1F08-AE3F-4B447E8C44A8" otype="Table" vid="435B640B-36D3-DDE1-EF13-E601605937FB">
<hideElementsInCurrentOnly>false</hideElementsInCurrentOnly>
<bounds x="337" y="38" width="246" height="201"/>
</OView>
<OView class="oracle.dbtools.crest.swingui.relational.TVTable" oid="E1274705-C3A9-AA7F-6303-3903969F9BBB" otype="Table" vid="0664A30A-36D9-6C65-F18F-8646EB54CD13">
<hideElementsInCurrentOnly>false</hideElementsInCurrentOnly>
<bounds x="911" y="21" width="340" height="173"/>
</OView>
</objectViews>
<connectors>
<Connector class="oracle.dbtools.crest.swingui.relational.TVFKRelation" oid="1130B104-8E88-6A60-3879-2296EEF09466" otype="FKIndexAssociation" vid_source="7B580B68-5F54-8094-B1A0-971B8C414E52" vid_target="64CD5B42-FA81-1453-7209-4FC99760C26F">
<hideElementsInCurrentOnly>false</hideElementsInCurrentOnly>
<backgroundColor>-16777216</backgroundColor>
<lineWidth>1</lineWidth>
<points>
<point x="342" y="449"/>
<point x="191" y="449"/>
</points>
</Connector>
<Connector class="oracle.dbtools.crest.swingui.relational.TVFKRelation" oid="1F5E20A0-7D6C-5C39-9A1C-C3D10CC6ECC4" otype="FKIndexAssociation" vid_source="231588AC-D608-D41F-DF4A-B46F401FC9CD" vid_target="BDEC5413-FC31-D5DA-ABB6-FDEC3E71E8F0">
<hideElementsInCurrentOnly>false</hideElementsInCurrentOnly>
<backgroundColor>-16777216</backgroundColor>
<lineWidth>1</lineWidth>
<points>
<point x="1492" y="353"/>
<point x="1492" y="741"/>
</points>
</Connector>
<Connector class="oracle.dbtools.crest.swingui.relational.TVFKRelation" oid="2866D1D9-CF86-AB65-A78F-458A40D8B680" otype="FKIndexAssociation" vid_source="10E40B50-423B-C0C8-EF34-5EDEEB3F31EB" vid_target="BDEC5413-FC31-D5DA-ABB6-FDEC3E71E8F0">
<hideElementsInCurrentOnly>false</hideElementsInCurrentOnly>
<backgroundColor>-16777216</backgroundColor>
<lineWidth>1</lineWidth>
<points>
<point x="615" y="784"/>
<point x="1338" y="784"/>
</points>
</Connector>
<Connector class="oracle.dbtools.crest.swingui.relational.TVFKRelation" oid="2FCCA1AF-5A29-23FE-6402-46CC540B9514" otype="FKIndexAssociation" vid_source="231588AC-D608-D41F-DF4A-B46F401FC9CD" vid_target="0664A30A-36D9-6C65-F18F-8646EB54CD13">
<hideElementsInCurrentOnly>false</hideElementsInCurrentOnly>
<backgroundColor>-16777216</backgroundColor>
<lineWidth>1</lineWidth>
<points>
<point x="1424" y="156"/>
<point x="1251" y="156"/>
</points>
</Connector>
<Connector class="oracle.dbtools.crest.swingui.relational.TVFKRelation" oid="56C036D2-75A5-CEF1-33F0-17D178C53048" otype="FKIndexAssociation" vid_source="231588AC-D608-D41F-DF4A-B46F401FC9CD" vid_target="068059F8-19D2-E503-884C-E23E694BA0E8">
<hideElementsInCurrentOnly>false</hideElementsInCurrentOnly>
<backgroundColor>-16777216</backgroundColor>
<lineWidth>1</lineWidth>
<points>
<point x="1424" y="306"/>
<point x="1132" y="306"/>
</points>
</Connector>
<Connector class="oracle.dbtools.crest.swingui.relational.TVFKRelation" oid="70ED5AAC-6299-8FDF-1818-8FF3A8025D88" otype="FKIndexAssociation" vid_source="5F5EC294-A545-F208-18BD-C061B6BEF5B6" vid_target="10E40B50-423B-C0C8-EF34-5EDEEB3F31EB">
<hideElementsInCurrentOnly>false</hideElementsInCurrentOnly>
<backgroundColor>-16777216</backgroundColor>
<lineWidth>1</lineWidth>
<points>
<point x="245" y="793"/>
<point x="353" y="793"/>
</points>
</Connector>
<Connector class="oracle.dbtools.crest.swingui.relational.TVFKRelation" oid="9E495308-933C-0336-2456-8527157404D6" otype="FKIndexAssociation" vid_source="435B640B-36D3-DDE1-EF13-E601605937FB" vid_target="0664A30A-36D9-6C65-F18F-8646EB54CD13">
<hideElementsInCurrentOnly>false</hideElementsInCurrentOnly>
<backgroundColor>-16777216</backgroundColor>
<lineWidth>1</lineWidth>
<points>
<point x="583" y="116"/>
<point x="911" y="116"/>
</points>
</Connector>
<Connector class="oracle.dbtools.crest.swingui.relational.TVFKRelation" oid="A77145DD-DDE5-F8CB-9A8F-7715602F0E0A" otype="FKIndexAssociation" vid_source="068059F8-19D2-E503-884C-E23E694BA0E8" vid_target="430C5FF8-CF28-B1A6-820E-5E8D5B3EC7D8">
<hideElementsInCurrentOnly>false</hideElementsInCurrentOnly>
<backgroundColor>-16777216</backgroundColor>
<lineWidth>1</lineWidth>
<points>
<point x="1020" y="451"/>
<point x="1020" y="529"/>
</points>
</Connector>
<Connector class="oracle.dbtools.crest.swingui.relational.TVFKRelation" oid="B0AEC153-006E-6C7F-00E9-9A2342DBBBF1" otype="FKIndexAssociation" vid_source="068059F8-19D2-E503-884C-E23E694BA0E8" vid_target="231588AC-D608-D41F-DF4A-B46F401FC9CD">
<hideElementsInCurrentOnly>false</hideElementsInCurrentOnly>
<backgroundColor>-16777216</backgroundColor>
<lineWidth>1</lineWidth>
<points>
<point x="1132" y="291"/>
<point x="1424" y="291"/>
</points>
</Connector>
<Connector class="oracle.dbtools.crest.swingui.relational.TVFKRelation" oid="CE36209D-4D1C-AD6F-1C81-C815657DE33E" otype="FKIndexAssociation" vid_source="435B640B-36D3-DDE1-EF13-E601605937FB" vid_target="B92C8B6C-0173-B4BF-6000-B1E39D6558B7">
<hideElementsInCurrentOnly>false</hideElementsInCurrentOnly>
<backgroundColor>-16777216</backgroundColor>
<lineWidth>1</lineWidth>
<points>
<point x="337" y="237"/>
<point x="316" y="237"/>
</points>
</Connector>
<Connector class="oracle.dbtools.crest.swingui.relational.TVFKRelation" oid="DDBA8FB6-501D-CC81-7A8B-2AFA6A5D1AC6" otype="FKIndexAssociation" vid_source="068059F8-19D2-E503-884C-E23E694BA0E8" vid_target="435B640B-36D3-DDE1-EF13-E601605937FB">
<hideElementsInCurrentOnly>false</hideElementsInCurrentOnly>
<backgroundColor>-16777216</backgroundColor>
<lineWidth>1</lineWidth>
<points>
<point x="917" y="234"/>
<point x="583" y="234"/>
</points>
</Connector>
<Connector class="oracle.dbtools.crest.swingui.relational.TVFKRelation" oid="EABF339F-1EDC-9385-6BB4-EA42E34BB80B" otype="FKIndexAssociation" vid_source="430C5FF8-CF28-B1A6-820E-5E8D5B3EC7D8" vid_target="10E40B50-423B-C0C8-EF34-5EDEEB3F31EB">
<hideElementsInCurrentOnly>false</hideElementsInCurrentOnly>
<backgroundColor>-16777216</backgroundColor>
<lineWidth>1</lineWidth>
<points>
<point x="864" y="673"/>
<point x="615" y="673"/>
</points>
</Connector>
<Connector class="oracle.dbtools.crest.swingui.relational.TVFKRelation" oid="F2FEE113-CCFD-F74A-D2CE-B309D57C4B1D" otype="FKIndexAssociation" vid_source="435B640B-36D3-DDE1-EF13-E601605937FB" vid_target="435B640B-36D3-DDE1-EF13-E601605937FB">
<hideElementsInCurrentOnly>false</hideElementsInCurrentOnly>
<backgroundColor>-16777216</backgroundColor>
<lineWidth>1</lineWidth>
<points>
<point x="337" y="47"/>
<point x="282" y="47"/>
<point x="282" y="136"/>
<point x="262" y="137"/>
<point x="337" y="137"/>
</points>
</Connector>
<Connector class="oracle.dbtools.crest.swingui.relational.TVFKRelation" oid="F5FD0DD1-68A2-4BAE-A16D-FD39FD770C83" otype="FKIndexAssociation" vid_source="435B640B-36D3-DDE1-EF13-E601605937FB" vid_target="7B580B68-5F54-8094-B1A0-971B8C414E52">
<hideElementsInCurrentOnly>false</hideElementsInCurrentOnly>
<backgroundColor>-16777216</backgroundColor>
<lineWidth>1</lineWidth>
<points>
<point x="462" y="239"/>
<point x="462" y="386"/>
</points>
</Connector>
<Connector class="oracle.dbtools.crest.swingui.relational.TVFKRelation" oid="FCBA0391-F291-4778-E25C-6AF739C7BAEB" otype="FKIndexAssociation" vid_source="10E40B50-423B-C0C8-EF34-5EDEEB3F31EB" vid_target="7B580B68-5F54-8094-B1A0-971B8C414E52">
<hideElementsInCurrentOnly>false</hideElementsInCurrentOnly>
<backgroundColor>-16777216</backgroundColor>
<lineWidth>1</lineWidth>
<points>
<point x="473" y="660"/>
<point x="473" y="535"/>
</points>
</Connector>
</connectors>
</Diagram>
