<?xml version = '1.0' encoding = 'UTF-8'?>
<FKIndexAssociation class="oracle.dbtools.crest.model.design.relational.FKIndexAssociation" directorySegmentName="seg_0" id="2FCCA1AF-5A29-23FE-6402-46CC540B9514" containerWithKeyObject="E1274705-C3A9-AA7F-6303-3903969F9BBB" localFKIndex="ADEAE303-34E1-82B5-330C-F6B2FA82DF01" name="staff_assessment">
<createdBy>OwenCheng</createdBy>
<createdTime>2021-09-12 08:48:47 UTC</createdTime>
<generatorID>BA141ED4-2337-C515-6EF4-C197C9CF5C03</generatorID>
<ownerDesignName>ASM1B</ownerDesignName>
<referredTableLongName>Staff</referredTableLongName>
<deleteRule>NO ACTION</deleteRule>
<referredTableID>93AE07A7-92AD-040E-AEA7-66DDF67E5610</referredTableID>
<keyObject>1D52737E-40C9-BF3F-E9BE-D83CA339645D</keyObject>
<referredKeyID>1D52737E-40C9-BF3F-E9BE-D83CA339645D</referredKeyID>
<mandatory>true</mandatory>
<refColNames>staff_id</refColNames>
<transferable>true</transferable>
<rely>false</rely>
<columnDependencyConstraintGenerateInDDL>true</columnDependencyConstraintGenerateInDDL>
</FKIndexAssociation>
