<?xml version = '1.0' encoding = 'UTF-8'?>
<FKIndexAssociation class="oracle.dbtools.crest.model.design.relational.FKIndexAssociation" directorySegmentName="seg_0" id="56C036D2-75A5-CEF1-33F0-17D178C53048" containerWithKeyObject="0772CA63-DD95-868C-A793-FA0F64D001A5" localFKIndex="8C432CB5-F354-2492-7080-95911665B15B" name="staff_centre">
<createdBy>OwenCheng</createdBy>
<createdTime>2021-09-12 08:48:47 UTC</createdTime>
<generatorID>985AB75D-26E9-BC42-8957-1A93417BC723</generatorID>
<ownerDesignName>ASM1B</ownerDesignName>
<referredTableLongName>Staff</referredTableLongName>
<deleteRule>NO ACTION</deleteRule>
<referredTableID>93AE07A7-92AD-040E-AEA7-66DDF67E5610</referredTableID>
<keyObject>1D52737E-40C9-BF3F-E9BE-D83CA339645D</keyObject>
<referredKeyID>1D52737E-40C9-BF3F-E9BE-D83CA339645D</referredKeyID>
<mandatory>true</mandatory>
<refColNames>staff_id</refColNames>
<transferable>true</transferable>
<rely>false</rely>
<columnDependencyConstraintGenerateInDDL>true</columnDependencyConstraintGenerateInDDL>
</FKIndexAssociation>
