<?xml version = '1.0' encoding = 'UTF-8'?>
<FKIndexAssociation class="oracle.dbtools.crest.model.design.relational.FKIndexAssociation" directorySegmentName="seg_0" id="9E495308-933C-0336-2456-8527157404D6" containerWithKeyObject="E1274705-C3A9-AA7F-6303-3903969F9BBB" localFKIndex="F8D14315-7069-8284-CC57-129CE811F3FE" name="member_assessment">
<createdBy>OwenCheng</createdBy>
<createdTime>2021-09-12 08:48:47 UTC</createdTime>
<generatorID>3687EAD3-2FE2-9592-202F-FC8A6DAAEF70</generatorID>
<ownerDesignName>ASM1B</ownerDesignName>
<referredTableLongName>Member</referredTableLongName>
<deleteRule>NO ACTION</deleteRule>
<referredTableID>DEF61F90-A4EF-1F08-AE3F-4B447E8C44A8</referredTableID>
<keyObject>3FE6C635-DA14-86C1-CDAD-D9CF62C24307</keyObject>
<referredKeyID>3FE6C635-DA14-86C1-CDAD-D9CF62C24307</referredKeyID>
<mandatory>true</mandatory>
<refColNames>member_no</refColNames>
<transferable>true</transferable>
<rely>false</rely>
<columnDependencyConstraintGenerateInDDL>true</columnDependencyConstraintGenerateInDDL>
</FKIndexAssociation>
