<?xml version = '1.0' encoding = 'UTF-8'?>
<Relation class="oracle.dbtools.crest.model.design.logical.Relation" name="centre_staff" directorySegmentName="seg_0" id="229AB942-DE26-D184-7A4A-B98499109479">
<createdBy>OwenCheng</createdBy>
<createdTime>2021-09-12 06:53:41 UTC</createdTime>
<ownerDesignName>ASM1B</ownerDesignName>
<engineerTo>
<item key="602C841F-274D-5D2D-4880-A37309393AC3" value="true"/>
</engineerTo>
<sourcePk>F1388659-D8DD-B073-C724-18AA20DA1B55</sourcePk>
<identifying>false</identifying>
<nameOnSource>hire</nameOnSource>
<nameOnTarget> </nameOnTarget>
<optionalSource>true</optionalSource>
<optionalTarget>false</optionalTarget>
<sourceCardinality>1</sourceCardinality>
<sourceEntity>8A14B097-C21D-828E-8913-FD131954976E</sourceEntity>
<targetCardinalityString>*</targetCardinalityString>
<targetEntity>7CBF779B-CA80-DF5B-B841-B85C1A607CE6</targetEntity>
<transferable>true</transferable>
<deleteRule>NO ACTION</deleteRule>
</Relation>
