<?xml version = '1.0' encoding = 'UTF-8'?>
<Relation class="oracle.dbtools.crest.model.design.logical.Relation" name="class_payment" directorySegmentName="seg_0" id="2A627BBC-1B44-0E93-F10A-CF2470738895">
<createdBy>OwenCheng</createdBy>
<createdTime>2021-09-12 08:25:53 UTC</createdTime>
<ownerDesignName>ASM1B</ownerDesignName>
<engineerTo>
<item key="602C841F-274D-5D2D-4880-A37309393AC3" value="true"/>
</engineerTo>
<sourcePk>5AE801C3-37BB-E416-F506-34FE0E64D84F</sourcePk>
<identifying>true</identifying>
<nameOnSource>pay for</nameOnSource>
<nameOnTarget> </nameOnTarget>
<optionalSource>true</optionalSource>
<optionalTarget>false</optionalTarget>
<sourceCardinality>1</sourceCardinality>
<sourceEntity>EA664DEB-492E-F3BC-EBDB-A8F4A99532DB</sourceEntity>
<targetCardinalityString>1</targetCardinalityString>
<targetEntity>6C4E190C-F30E-E386-D064-B863C411B82A</targetEntity>
<transferable>true</transferable>
<deleteRule>NO ACTION</deleteRule>
</Relation>
