<?xml version = '1.0' encoding = 'UTF-8'?>
<Relation class="oracle.dbtools.crest.model.design.logical.Relation" name="member_assessment" directorySegmentName="seg_0" id="3687EAD3-2FE2-9592-202F-FC8A6DAAEF70">
<createdBy>OwenCheng</createdBy>
<createdTime>2021-09-12 08:32:35 UTC</createdTime>
<ownerDesignName>ASM1B</ownerDesignName>
<engineerTo>
<item key="602C841F-274D-5D2D-4880-A37309393AC3" value="true"/>
</engineerTo>
<sourcePk>AD62C559-B81E-617D-9D4D-EFE5832DEDF0</sourcePk>
<identifying>true</identifying>
<nameOnSource>complete</nameOnSource>
<nameOnTarget> </nameOnTarget>
<optionalSource>true</optionalSource>
<optionalTarget>false</optionalTarget>
<sourceCardinality>1</sourceCardinality>
<sourceEntity>37613C4E-9C96-A319-9C6E-6DF45B988925</sourceEntity>
<targetCardinalityString>*</targetCardinalityString>
<targetEntity>0DFD3833-EA3C-120A-28B7-F82218FE6CC4</targetEntity>
<transferable>true</transferable>
<deleteRule>NO ACTION</deleteRule>
</Relation>
