<?xml version = '1.0' encoding = 'UTF-8'?>
<Relation class="oracle.dbtools.crest.model.design.logical.Relation" name="member_payment" directorySegmentName="seg_0" id="8FEE14F5-C385-01F7-D7BD-4C2E44EE31A2">
<createdBy>OwenCheng</createdBy>
<createdTime>2021-09-12 08:27:33 UTC</createdTime>
<ownerDesignName>ASM1B</ownerDesignName>
<engineerTo>
<item key="602C841F-274D-5D2D-4880-A37309393AC3" value="true"/>
</engineerTo>
<sourcePk>AD62C559-B81E-617D-9D4D-EFE5832DEDF0</sourcePk>
<identifying>true</identifying>
<nameOnSource>pay</nameOnSource>
<nameOnTarget> </nameOnTarget>
<optionalSource>true</optionalSource>
<optionalTarget>false</optionalTarget>
<sourceCardinality>1</sourceCardinality>
<sourceEntity>37613C4E-9C96-A319-9C6E-6DF45B988925</sourceEntity>
<targetCardinalityString>*</targetCardinalityString>
<targetEntity>6C4E190C-F30E-E386-D064-B863C411B82A</targetEntity>
<transferable>true</transferable>
<deleteRule>NO ACTION</deleteRule>
</Relation>
