<?xml version = '1.0' encoding = 'UTF-8'?>
<Relation class="oracle.dbtools.crest.model.design.logical.Relation" name="staff_centre" directorySegmentName="seg_0" id="985AB75D-26E9-BC42-8957-1A93417BC723">
<createdBy>OwenCheng</createdBy>
<createdTime>2021-09-12 06:54:43 UTC</createdTime>
<ownerDesignName>ASM1B</ownerDesignName>
<engineerTo>
<item key="602C841F-274D-5D2D-4880-A37309393AC3" value="true"/>
</engineerTo>
<sourcePk>463B4BDD-4513-C344-9A97-38A8D31985AD</sourcePk>
<identifying>false</identifying>
<nameOnSource>manage</nameOnSource>
<nameOnTarget> </nameOnTarget>
<optionalSource>true</optionalSource>
<optionalTarget>false</optionalTarget>
<sourceCardinality>1</sourceCardinality>
<sourceEntity>7CBF779B-CA80-DF5B-B841-B85C1A607CE6</sourceEntity>
<targetCardinalityString>1</targetCardinalityString>
<targetEntity>8A14B097-C21D-828E-8913-FD131954976E</targetEntity>
<transferable>true</transferable>
<deleteRule>NO ACTION</deleteRule>
</Relation>
