<?xml version = '1.0' encoding = 'UTF-8'?>
<Relation class="oracle.dbtools.crest.model.design.logical.Relation" name="member_memberrefer" directorySegmentName="seg_0" id="DB4AA0C4-7829-3074-7C85-977AF464010F">
<createdBy>OwenCheng</createdBy>
<createdTime>2021-09-12 08:35:41 UTC</createdTime>
<ownerDesignName>ASM1B</ownerDesignName>
<engineerTo>
<item key="602C841F-274D-5D2D-4880-A37309393AC3" value="true"/>
</engineerTo>
<targetPk>AD62C559-B81E-617D-9D4D-EFE5832DEDF0</targetPk>
<identifying>false</identifying>
<nameOnSource>refer</nameOnSource>
<nameOnTarget> </nameOnTarget>
<optionalSource>true</optionalSource>
<optionalTarget>true</optionalTarget>
<sourceCardinality>1</sourceCardinality>
<sourceEntity>37613C4E-9C96-A319-9C6E-6DF45B988925</sourceEntity>
<targetCardinalityString>*</targetCardinalityString>
<targetEntity>37613C4E-9C96-A319-9C6E-6DF45B988925</targetEntity>
<transferable>true</transferable>
<deleteRule>NO ACTION</deleteRule>
</Relation>
